,Yrke,Antal,SBL_SKBL
0,Abbedissa,4,both
1,Advokat,,SBL_only
2,Affärsjurist,,SBL_only
3,Affärsman,,SBL_only
4,Agitator,2,both
5,Agronom,,SBL_only
6,Akademiräntmästare,,SBL_only
7,Akademisk lärare,,SBL_only
8,Akademistallmästare,,SBL_only
9,Algolog,,SBL_only
10,Alkemist,,SBL_only
11,Anarkist,,SBL_only
12,Anatom,,SBL_only
13,Anglist,,SBL_only
14,Antikvariatsbokhandlare,,SBL_only
15,Antikvarie,1,both
16,Antikvarisk forskare,,SBL_only
17,Antropolog,,SBL_only
18,Apotekare,,SBL_only
19,Arachnolog,,SBL_only
20,Arkeolog,,SBL_only
21,Arkitekt,11,both
22,Arkitekturhistoriker,,SBL_only
23,Arkivman,,SBL_only
24,Arméofficer,,SBL_only
25,Artilleriofficer,,SBL_only
26,Artist,,SBL_only
27,Astronom,,SBL_only
28,Atlet,,SBL_only
29,Bakteriolog,,SBL_only
30,Balneolog,,SBL_only
31,Bankgrundare,,SBL_only
32,Bankinspektör,,SBL_only
33,Bankir,,SBL_only
34,Bankman,,SBL_only
35,Bantuspråkforskare,,SBL_only
36,Barnboksförfattare,,SBL_only
37,Barnhemsgrundare,,SBL_only
38,Barnmorska,2,both
39,Barnmorskelärare,,SBL_only
40,Barnpedagog,,SBL_only
41,Bedragare,,SBL_only
42,Befallningsman,,SBL_only
43,Bergmästare,,SBL_only
44,Bergsfogde,,SBL_only
45,Bergshistoriker,,SBL_only
46,Bergsingenjör,,SBL_only
47,Bergsman,,SBL_only
48,Bergsmekaniker,,SBL_only
49,Bergsråd,,SBL_only
50,Bergsvetenskapsman,,SBL_only
51,Berättare,,SBL_only
52,Bibliograf,,SBL_only
53,Bibliotekarie,17,both
54,Biblioteksinnehavare,,SBL_only
55,Biblioteksman,,SBL_only
56,Bildbyråchef,,SBL_only
57,Bildkonstnär,,SBL_only
58,Bilhandlare,,SBL_only
59,Biografägare,,SBL_only
60,Biokemist,,SBL_only
61,Biolog,,SBL_only
62,Biskop,,SBL_only
63,Blind- och dövstumpedagog,,SBL_only
64,Bokbindare,,SBL_only
65,Bokformgivare,,SBL_only
66,Bokhandlare,,SBL_only
67,Bokhistoriker,,SBL_only
68,Boksamlare,,SBL_only
69,Boktryckare,,SBL_only
70,Bonadsmålare,,SBL_only
71,Bondetågsledare,,SBL_only
72,Borgmästare,,SBL_only
73,Boskapsavlare,,SBL_only
74,Botanist,,SBL_only
75,Boxare,,SBL_only
76,Boxningspromotor,,SBL_only
77,Brevskrivare,,SBL_only
78,Brobyggare,,SBL_only
79,Brottare,,SBL_only
80,Bruksidkare,,SBL_only
81,Bruksman,,SBL_only
82,Bruksägare,6,both
83,Bryggare,,SBL_only
84,Bryolog,,SBL_only
85,Brännvinsfabrikör,,SBL_only
86,Burggreve,,SBL_only
87,Byggmästare,,SBL_only
88,Byggnadsingenjör,,SBL_only
89,Båtkonstruktör,,SBL_only
90,Cellist,,SBL_only
91,Cembalist,,SBL_only
92,Censor Librorum,,SBL_only
93,Chokladfabrikör,,SBL_only
94,Cirkusartist,,SBL_only
95,Cirkusdirektör,1,both
96,Ciselör,,SBL_only
97,Civilingenjör,,SBL_only
98,Civilminister,,SBL_only
99,Cytolog,,SBL_only
100,Dagboksförfattare,,SBL_only
101,Dansare,5,both
102,Dansmästare,,SBL_only
103,Dekan,,SBL_only
104,Dekorationsmålare,,SBL_only
105,Diakonissa,,SBL_only
106,Dialektforskare,,SBL_only
107,Diplomat,10,both
108,Dirigent,,SBL_only
109,Djurmålare,,SBL_only
110,Djurparksägare,,SBL_only
111,Dokumentärfotograf,,SBL_only
112,Domare,2,both
113,Domprost,,SBL_only
114,Donator,8,both
115,Dragspelare,,SBL_only
116,Dramatiker,,SBL_only
117,Dramatisk författare,,SBL_only
118,Drots,,SBL_only
119,Drottning,,SBL_only
120,Dräkthistoriker,,SBL_only
121,Dövstumlärare,,SBL_only
122,Ecklesiastikminister,,SBL_only
123,Egnahemsrörelsegrundare,,SBL_only
124,Egyptolog,,SBL_only
125,Ekonom,2,both
126,Ekonomhistoriker,,SBL_only
127,Ekonomisk geograf,,SBL_only
128,Ekonomisk skriftställare,,SBL_only
129,Elektroingenjör,,SBL_only
130,Elektrokemist,,SBL_only
131,Elektrometallurg,,SBL_only
132,Elfenbenssnidare,,SBL_only
133,Emaljmålare,,SBL_only
134,Entomolog,1,both
135,Entreprenör,,SBL_only
136,Estetiker,,SBL_only
137,Etnograf,,SBL_only
138,Etnolog,1,both
139,Etymolog,,SBL_only
140,Fabrikör,,SBL_only
141,Fackföreningsfunktionär,,SBL_only
142,Fackföreningsman,,SBL_only
143,Fackföreningsordförande,,SBL_only
144,Fakir,,SBL_only
145,Farmakolog,,SBL_only
146,Fartygskonstruktör,,SBL_only
147,Fastighetsägare,,SBL_only
148,Feminist,,SBL_only
149,Filantrop,,SBL_only
150,Filatelist,,SBL_only
151,Filmfotograf,,SBL_only
152,Filmproducent,,SBL_only
153,Filmregissör,,SBL_only
154,Filosof,,SBL_only
155,Filosofisk skriftställare,,SBL_only
156,Finansiär,,SBL_only
157,Finansjurist,,SBL_only
158,Finansman,,SBL_only
159,Finansminister,,SBL_only
160,Finanspolitiker,,SBL_only
161,Fiskeribiolog,,SBL_only
162,Flottare,,SBL_only
163,Flygare,,SBL_only
164,Flygingenjör,,SBL_only
165,Flyglärare,,SBL_only
166,Flygplanskonstruktör,,SBL_only
167,Flygtrafikpionjär,,SBL_only
168,Flygvapenchef,,SBL_only
169,Flygvapenofficer,,SBL_only
170,Flöjtist,,SBL_only
171,Fogde,,SBL_only
172,Folkbildare,,SBL_only
173,Folkhögskolelärare,,SBL_only
174,Folkhögskoleman,,SBL_only
175,Folklivsskildrare,,SBL_only
176,Folklorist,,SBL_only
177,Folkmusikupptecknare,,SBL_only
178,Folkrättsjurist,,SBL_only
179,Folkskollärare,2,both
180,Formgivare,27,both
181,Fornforskare,,SBL_only
182,Fornsakssamlare,,SBL_only
183,Forskningsresande,,SBL_only
184,Fortifikationsofficer,,SBL_only
185,Fotbollsspelare,,SBL_only
186,Fotograf,30,both
187,Fotomodell,,SBL_only
188,Frenolog,,SBL_only
189,Friidrottare,,SBL_only
190,Frikyrkoman,,SBL_only
191,Frikyrkopredikant,,SBL_only
192,Frälsningsofficer,,SBL_only
193,Fysiker,,SBL_only
194,Fysiolog,,SBL_only
195,Fågelfotograf,,SBL_only
196,Fäktare,,SBL_only
197,Fäktmästare,,SBL_only
198,Fältmarskalk,,SBL_only
199,Färgare,,SBL_only
200,Förbundsgrundare,,SBL_only
201,Förbundsordförande,3,both
202,Föreläsare,12,both
203,Föreningsgrundare,,SBL_only
204,Föreningsordförande,,SBL_only
205,Företagare,45,both
206,Företagsekonom,,SBL_only
207,Företagsledare,,SBL_only
208,Förfalskare,,SBL_only
209,Författare,208,both
210,Förgyllare,,SBL_only
211,Förlagsman,,SBL_only
212,Förläggare,,SBL_only
213,Förskolepionjär,,SBL_only
214,Försvarsminister,,SBL_only
215,Försäkringsman,,SBL_only
216,Gallerist,3,both
217,Garvare,,SBL_only
218,Gastronom,,SBL_only
219,Gatudirektör,,SBL_only
220,Genealog,3,both
221,Generaldirektör,,SBL_only
222,Generalguvernör,,SBL_only
223,Generalkrigskommissarie,,SBL_only
224,Generalpostdirektör,,SBL_only
225,Generalsuperintendent,,SBL_only
226,Generaltulldirektör,,SBL_only
227,Genetiker,,SBL_only
228,Genremålare,,SBL_only
229,Geodet,,SBL_only
230,Geograf,,SBL_only
231,Geolog,,SBL_only
232,Germanist,,SBL_only
233,Geschworner,,SBL_only
234,Glaciolog,,SBL_only
235,Glaskonstnär,,SBL_only
236,Glasmästare,,SBL_only
237,Godsförvaltare,,SBL_only
238,Godsägare,26,both
239,Grafiker,,SBL_only
240,Gravör,2,both
241,Grosshandlare,,SBL_only
242,Gruvarbetare,,SBL_only
243,Gruvingenjör,,SBL_only
244,Guldgrävare,,SBL_only
245,Guldsmed,,SBL_only
246,Guvernör,,SBL_only
247,Gymnasielärare,,SBL_only
248,Gymnast,,SBL_only
249,Gymnastiklärare,,SBL_only
250,Gästgivare,,SBL_only
251,Handboksförfattare,,SBL_only
252,Handelsman,,SBL_only
253,Handelsminister,,SBL_only
254,Handelsstatistiker,,SBL_only
255,Handskriftsutgivare,,SBL_only
256,Harnesktryckare,,SBL_only
257,Helbrägdagörare,,SBL_only
258,Helgon,,SBL_only
259,Hembygdsforskare,,SBL_only
260,Hembygdshistoriker,,SBL_only
261,Hemgårdsföreståndare,,SBL_only
262,Hemslöjdsinstruktör,,SBL_only
263,Heraldiker,,SBL_only
264,Herrnhutare,,SBL_only
265,Hertig,,SBL_only
266,Hertiginna,3,both
267,Hippolog,,SBL_only
268,Histolog,,SBL_only
269,Historieskrivare,,SBL_only
270,Historiker,,SBL_only
271,Historisk samlare,,SBL_only
272,Holstein-Gottorpskt etatsråd,,SBL_only
273,Homeopat,,SBL_only
274,Hospitalsföreståndare,,SBL_only
275,Hotelldirektör,,SBL_only
276,Hovdam,15,both
277,Hovfröken,,SBL_only
278,Hovkansler,,SBL_only
279,Hovkapellmästare,,SBL_only
280,Hovman,,SBL_only
281,Hovrättspresident,,SBL_only
282,Hovsekreterare,,SBL_only
283,Hovstallmästare,,SBL_only
284,Husdjurskonsulent,,SBL_only
285,Hushållslärare,,SBL_only
286,Hydrograf,,SBL_only
287,Hymnolog,,SBL_only
288,Hållfasthetsforskare,,SBL_only
289,Häradshövding,,SBL_only
290,Hästuppfödare,,SBL_only
291,Högskolelärare,,SBL_only
292,Högskolerektor,,SBL_only
293,Hövitsman,,SBL_only
294,Idé- och lärdomshistoriker,,SBL_only
295,Idrottsledare,,SBL_only
296,Idrottslärare,,SBL_only
297,Iktyolog,,SBL_only
298,Illustratör,7,both
299,Indolog,,SBL_only
300,Industridesigner,,SBL_only
301,Industriidkare,,SBL_only
302,Industriledare,,SBL_only
303,Industriman,,SBL_only
304,Ingenjör,1,both
305,Ingenjörsofficer,,SBL_only
306,Inredningsarkitekt,2,both
307,Instrumentfabrikör,,SBL_only
308,Instrumentmakare,,SBL_only
309,Ishockeyspelare,,SBL_only
310,Jarl,,SBL_only
311,Jazzmusiker,,SBL_only
312,Jesuit,,SBL_only
313,Jordbruksforskare,,SBL_only
314,Jordbrukslärare,,SBL_only
315,Jordbruksminister,,SBL_only
316,Jordbruksreformator,,SBL_only
317,Journalist,57,both
318,Juridisk skriftställare,,SBL_only
319,Jurist,16,both
320,Justitiekansler,,SBL_only
321,Justitieminister,,SBL_only
322,Justitieombudsman,,SBL_only
323,Justitiepresident,,SBL_only
324,Justitiestatsminister,,SBL_only
325,Juvelerare,,SBL_only
326,Jägare,,SBL_only
327,Järnvägsbyggare,,SBL_only
328,Järnvägsingenjör,,SBL_only
329,Järnvägsman,,SBL_only
330,Kalkbruksägare,,SBL_only
331,Kalligraf,,SBL_only
332,Kammarmästare,,SBL_only
333,Kammarråd,,SBL_only
334,Kammarskrivare,,SBL_only
335,Kamrer,,SBL_only
336,Kanalbyggare,,SBL_only
337,Kanongjutare,,SBL_only
338,Kanonkonstruktör,,SBL_only
339,Kansler,,SBL_only
340,Kanslichef,,SBL_only
341,Kanslipresident,,SBL_only
342,Kansliråd,,SBL_only
343,Kanslisekreterare,,SBL_only
344,Kansliskrivare,,SBL_only
345,Kanslist,,SBL_only
346,Kanslitjänsteman,,SBL_only
347,Kapare,,SBL_only
348,Kapellmästare,,SBL_only
349,Karikatyrtecknare,,SBL_only
350,Kartograf,,SBL_only
351,Katolsk konvertit,,SBL_only
352,Kavalleriofficer,,SBL_only
353,Kemiingenjör,,SBL_only
354,Kemist,1,both
355,Kemitekniker,,SBL_only
356,Keramiker,,SBL_only
357,Kirurg,,SBL_only
358,Klarinettist,,SBL_only
359,Klassisk arkeolog,,SBL_only
360,Klassisk filolog,,SBL_only
361,Klockare,,SBL_only
362,Klockstapelbyggare,,SBL_only
363,Klädesfabrikör,,SBL_only
364,Knivsmed,,SBL_only
365,Kokboksförfattare,,SBL_only
366,Kollegiepresident,,SBL_only
367,Kommunalman,,SBL_only
368,Kommunalpolitiker,,SBL_only
369,Kommunikationsminister,,SBL_only
370,Kompanidirektör,,SBL_only
371,Konditor,,SBL_only
372,Konsertföreningsstiftare,,SBL_only
373,Konserthuschef,,SBL_only
374,Konsertsångare,,SBL_only
375,Konservator,4,both
376,Konspiratör,,SBL_only
377,Konst- och antikvitetshandlare,,SBL_only
378,Konst- och teaterkritiker,,SBL_only
379,Konstfilosof,,SBL_only
380,Konstfrämjare,,SBL_only
381,Konstgjutare,,SBL_only
382,Konsthandlare,,SBL_only
383,Konsthantverkare,,SBL_only
384,Konsthistoriker,,SBL_only
385,Konsthögskolegrundare,,SBL_only
386,Konstkritiker,,SBL_only
387,Konstnär,114,both
388,Konstpedagog,,SBL_only
389,Konstsamlare,,SBL_only
390,Konstskolegrundare,,SBL_only
391,Konstvävare,,SBL_only
392,Konståkare,,SBL_only
393,Kooperatör,,SBL_only
394,Kopparstickare,,SBL_only
395,Koreograf,2,both
396,Krigare,,SBL_only
397,Krigsbefäl,,SBL_only
398,Krigskommissarie,,SBL_only
399,Kriminolog,,SBL_only
400,Kritiker,,SBL_only
401,Kronolänsman,,SBL_only
402,Kronprins,,SBL_only
403,Kronprinsessa,,SBL_only
404,Kulturgeograf,,SBL_only
405,Kulturhistoriker,,SBL_only
406,Kung,,SBL_only
407,Kungadotter,,SBL_only
408,Kungamördare,,SBL_only
409,Kungason,,SBL_only
410,Kunglig handsekreterare,,SBL_only
411,Kunglig lektör,,SBL_only
412,Kunglig sekreterare,,SBL_only
413,Kungligt råd,,SBL_only
414,Kvartärgeolog,,SBL_only
415,Kvinnohistoriker,,SBL_only
416,Kvinnorörelsepionjär,,SBL_only
417,Kyrkohistoriker,,SBL_only
418,Kyrkomusiker,,SBL_only
419,Kyrkomålare,,SBL_only
420,Kyrkopolitiker,,SBL_only
421,Kåsör,,SBL_only
422,Källarmästare,,SBL_only
423,Kärnfysiker,,SBL_only
424,Köpman,,SBL_only
425,Kördirigent,,SBL_only
426,Körledare,,SBL_only
427,Lagman,,SBL_only
428,Landshövding,3,both
429,Landskapsmålare,,SBL_only
430,Landstingspolitiker,,SBL_only
431,Lantbrukare,14,both
432,Lantbruksarkitekt,,SBL_only
433,Lantbruksekonom,,SBL_only
434,Lantbruksingenjör,,SBL_only
435,Lantbrukskemist,,SBL_only
436,Lantbrukslärare,,SBL_only
437,Lantförsvarsminister,,SBL_only
438,Lanthushållare,,SBL_only
439,Lantmarskalk,,SBL_only
440,Lantmätare,,SBL_only
441,Latinist,,SBL_only
442,Latinskald,,SBL_only
443,Lekmannabroder,,SBL_only
444,Lekmannapredikant,,SBL_only
445,Lexikograf,,SBL_only
446,Lichenolog,,SBL_only
447,Limnolog,,SBL_only
448,Litograf,,SBL_only
449,Litteraturhistoriker,,SBL_only
450,Litteraturkritiker,14,both
451,Litteratör,1,both
452,Livsmedelskemist,,SBL_only
453,Luftvärnsofficer,,SBL_only
454,Lustspelsförfattare,,SBL_only
455,Läkare,19,both
456,Läkare (anestesiolog),,SBL_only
457,Läkare (bakteriolog),,SBL_only
458,Läkare (barnpsykiater),,SBL_only
459,Läkare (gynekolog),,SBL_only
460,Läkare (hematolog),,SBL_only
461,Läkare (hygienmedicinare),,SBL_only
462,Läkare (kirurg),,SBL_only
463,Läkare (lungläkare),,SBL_only
464,Läkare (medicinare),,SBL_only
465,Läkare (militärläkare),,SBL_only
466,Läkare (neurokirurg),,SBL_only
467,Läkare (neurolog),,SBL_only
468,Läkare (obstetriker),,SBL_only
469,Läkare (ortoped),,SBL_only
470,Läkare (pediatriker),,SBL_only
471,Läkare (plastikkirurg),,SBL_only
472,Läkare (provinsialläkare),,SBL_only
473,Läkare (psykiater),,SBL_only
474,Läkare (radiolog),,SBL_only
475,Läkare (reumatolog),,SBL_only
476,Läkare (venereolog),,SBL_only
477,Läkare (yrkesmedicinare),,SBL_only
478,Läkare (ögonläkare),,SBL_only
479,Läkare (öronläkare),,SBL_only
480,Länsman,,SBL_only
481,Lärare,147,both
482,Lärd,,SBL_only
483,Lärdomshistoriker,,SBL_only
484,Läroboksförfattare,,SBL_only
485,Löpare,,SBL_only
486,Magnetisör,,SBL_only
487,Manusförfattare,,SBL_only
488,Mariningenjör,,SBL_only
489,Marinintendent,,SBL_only
490,Marinmålare,,SBL_only
491,Marinöverdirektör,,SBL_only
492,Markforskare,,SBL_only
493,Markgrevinna,,SBL_only
494,Marsk,,SBL_only
495,Maskiningenjör,,SBL_only
496,Matematiker,,SBL_only
497,Mecenat,3,both
498,Medaljgravör,,SBL_only
499,Medeldistanslöpare,,SBL_only
500,Medeltidsarkeolog,,SBL_only
501,Medeltidshistoriker,,SBL_only
502,Medicinalråd,,SBL_only
503,Medicinare,,SBL_only
504,Medicinhistoriker,,SBL_only
505,Medicinsk fysiker,,SBL_only
506,Medicinsk kemist,,SBL_only
507,Mediepionjär,,SBL_only
508,Mejeripionjär,,SBL_only
509,Mejerist,,SBL_only
510,Mekaniker,,SBL_only
511,Memoarförfattare,,SBL_only
512,Metallurg,,SBL_only
513,Meteorolog,,SBL_only
514,Mikrobiolog,,SBL_only
515,Mikroskopist,,SBL_only
516,Militär,,SBL_only
517,Militärhistoriker,,SBL_only
518,Militärmusiker,,SBL_only
519,Mineralanalytiker,,SBL_only
520,Mineralog,,SBL_only
521,Miniatyrmålare,,SBL_only
522,Minister för kyrkfrågor,,SBL_only
523,Minister för nedrustningsfrågor,,SBL_only
524,Missionsbiskop,,SBL_only
525,Missionshistoriker,,SBL_only
526,Missionsledare,,SBL_only
527,Missionspastor,,SBL_only
528,Missionär,15,both
529,Modeskapare,,SBL_only
530,Motorjournalist,,SBL_only
531,Motorsportspionjär,,SBL_only
532,Motreformator,,SBL_only
533,Munk,,SBL_only
534,Murmästare,,SBL_only
535,Museichef,1,both
536,Museigrundare,,SBL_only
537,Museiman,,SBL_only
538,Musikchef,,SBL_only
539,Musiker,10,both
540,Musikforskare,,SBL_only
541,Musikförlagsredaktör,,SBL_only
542,Musikförläggare,,SBL_only
543,Musikhandlare,,SBL_only
544,Musikhistoriker,,SBL_only
545,Musikjournalist,,SBL_only
546,Musikkritiker,1,both
547,Musiklärare,1,both
548,Musikskribent,,SBL_only
549,Musikskriftställare,,SBL_only
550,Musikteoretiker,,SBL_only
551,Musikvetare,,SBL_only
552,Mykolog,,SBL_only
553,Myntdirektör,,SBL_only
554,Myntgravör,,SBL_only
555,Myntmästare,,SBL_only
556,Myntproberare,,SBL_only
557,Mystiker,,SBL_only
558,Målare,,SBL_only
559,Mätress,,SBL_only
560,Möbelformgivare,,SBL_only
561,Möbelsnickare,,SBL_only
562,Mönsterritare,,SBL_only
563,Nationalekonom,,SBL_only
564,Naturalhistoriker,,SBL_only
565,Naturaliesamlare,,SBL_only
566,Naturforskare,,SBL_only
567,Naturläkare,,SBL_only
568,Naturskyddsföreträdare,,SBL_only
569,Neurolog,,SBL_only
570,Nomadskolinspektör,,SBL_only
571,Nordist,,SBL_only
572,Numismatiker,,SBL_only
573,Nuntie,,SBL_only
574,Nyckelharpist,,SBL_only
575,Nykterhetsman,,SBL_only
576,Nykterhetspionjär,,SBL_only
577,Näringslivsföreträdare,,SBL_only
578,Nöjesparksdirektör,,SBL_only
579,Oboist,,SBL_only
580,Oceanograf,,SBL_only
581,Odontolog,,SBL_only
582,Oftalmolog,,SBL_only
583,Operachef,,SBL_only
584,Operaintendent,,SBL_only
585,Operaregissör,,SBL_only
586,Operasångare,,SBL_only
587,Operettsångare,,SBL_only
588,Optiker,,SBL_only
589,Ordensriddare,,SBL_only
590,Organist,,SBL_only
591,Orgelbyggare,,SBL_only
592,Orientalist,,SBL_only
593,Orkesterledare,,SBL_only
594,Ornamentbildhuggare,,SBL_only
595,Ornitolog,,SBL_only
596,Ortnamnsforskare,,SBL_only
597,Pacifist,,SBL_only
598,Paleontolog,,SBL_only
599,Paleozoolog,,SBL_only
600,Pappersingenjör,,SBL_only
601,Parasitolog,,SBL_only
602,Partifunktionär,,SBL_only
603,Partiledare,,SBL_only
604,Partisan,,SBL_only
605,Patentingenjör,,SBL_only
606,Patolog,,SBL_only
607,Pedagog,,SBL_only
608,Pedagogisk skriftställare,,SBL_only
609,Pensionsbolagsdirektör,,SBL_only
610,Personalkonsulent,,SBL_only
611,Personhistoriker,,SBL_only
612,Personnamnsforskare,,SBL_only
613,Pfalzgreve,,SBL_only
614,Pfalzgrevinna,,SBL_only
615,Pianist,,SBL_only
616,Pianofabrikör,,SBL_only
617,Pianopedagog,,SBL_only
618,Pietist,,SBL_only
619,Pilot,1,both
620,Plantageägare,,SBL_only
621,Poet,,SBL_only
622,Polarforskare,,SBL_only
623,Polismästare,1,both
624,Politiker,,SBL_only
625,Politisk aktör,,SBL_only
626,Politisk fånge,,SBL_only
627,Politisk skriftställare,,SBL_only
628,Pomolog,,SBL_only
629,Populärvetenskaplig författare,,SBL_only
630,Porslinstekniker,,SBL_only
631,Porträttmålare,,SBL_only
632,Postdirektör,,SBL_only
633,Postmästare,,SBL_only
634,Posttjänsteman,,SBL_only
635,Predikant,5,both
636,Predikstolsmakare,,SBL_only
637,Prelat,,SBL_only
638,Pressfotograf,,SBL_only
639,Prins,,SBL_only
640,Prinsessa,1,both
641,Prior,,SBL_only
642,Priorinna,,SBL_only
643,Produktionsledare,,SBL_only
644,Programchef,,SBL_only
645,Prokurator,,SBL_only
646,Provinsialshäfer,,SBL_only
647,Präst,3,both
648,Psalmdiktare,,SBL_only
649,Psykiater,,SBL_only
650,Psykoanalytiker,,SBL_only
651,Psykolog,1,both
652,Publicist,,SBL_only
653,Påvlig ämbetsman,,SBL_only
654,Pälshandlande,,SBL_only
655,Rabbin,,SBL_only
656,Radiochef,,SBL_only
657,Radiolog,,SBL_only
658,Radioman,,SBL_only
659,Radioreporter,,SBL_only
660,Radiotjänsteman,,SBL_only
661,Redaktör,12,both
662,Redare,1,both
663,Redarföreningsdirektör,,SBL_only
664,Reformator,,SBL_only
665,Regissör,12,both
666,Reklambyråägare,,SBL_only
667,Reklamman,,SBL_only
668,Religionshistoriker,,SBL_only
669,Religionspsykolog,,SBL_only
670,Religiös skriftställare,,SBL_only
671,Renägare,1,both
672,Reportagefotograf,,SBL_only
673,Reseskildrare,,SBL_only
674,Restaurangdirektör,,SBL_only
675,Restauratör,,SBL_only
676,Retoriker,,SBL_only
677,Revisor,,SBL_only
678,Revyförfattare,,SBL_only
679,Riddare,,SBL_only
680,Ridlärare,,SBL_only
681,Riksamiral,,SBL_only
682,Riksantikvarie,,SBL_only
683,Riksbankens jubileumsfond vd,,SBL_only
684,Riksdagsman,,SBL_only
685,Riksdagspolitiker,,SBL_only
686,Riksdrots,,SBL_only
687,Riksföreståndare,,SBL_only
688,Rikshistoriograf,,SBL_only
689,Rikshövitsman,,SBL_only
690,Rikskansler,,SBL_only
691,Rikskansliråd,,SBL_only
692,Riksmarsk,,SBL_only
693,Riksmarskalk,,SBL_only
694,Riksråd,,SBL_only
695,Riksskattmästare,,SBL_only
696,Riksstallmästare,,SBL_only
697,Riksståthållare,,SBL_only
698,Romanist,,SBL_only
699,Runristare,,SBL_only
700,Ryttare,,SBL_only
701,Rådman,,SBL_only
702,Rädda barnen-ordförande,,SBL_only
703,Räntmästare,,SBL_only
704,Rättshistoriker,,SBL_only
705,Rättssociolog,,SBL_only
706,Rödakorsordförande,,SBL_only
707,Sadelmakare,,SBL_only
708,Salpetersjuderidirektör,,SBL_only
709,Samepolitiker,,SBL_only
710,Samhällsdebattör,,SBL_only
711,Samlare,,SBL_only
712,Scenograf,,SBL_only
713,Schackspelare,,SBL_only
714,Schatullmakare,,SBL_only
715,Scoutledare,,SBL_only
716,Scoutpionjär,,SBL_only
717,Segelmakare,,SBL_only
718,Seglare,,SBL_only
719,Sexualupplysare,3,both
720,Silversmed,2,both
721,Sjukgymnast,6,both
722,Sjukhusgrundare,,SBL_only
723,Sjuksköterska,2,both
724,Sjuksköterskeinspektör,,SBL_only
725,Sjöförsvarsminister,,SBL_only
726,Sjökapten,,SBL_only
727,Sjöman,,SBL_only
728,Sjömätare,,SBL_only
729,Sjöofficer,,SBL_only
730,Sjörövare,,SBL_only
731,Skald,,SBL_only
732,Skarpskytteledare,,SBL_only
733,Skattejurist,,SBL_only
734,Skeppsbyggare,,SBL_only
735,Skeppsbyggmästare,,SBL_only
736,Skeppsbyggnadsingenjör,,SBL_only
737,Skeppsmätare,,SBL_only
738,Skeppsredare,,SBL_only
739,Skidpionjär,,SBL_only
740,Skivbolagsgrundare,,SBL_only
741,Skogsforskare,,SBL_only
742,Skogsman,,SBL_only
743,Skolföreståndare,15,both
744,Skolgrundare,18,both
745,Skolkökspionjär,,SBL_only
746,Skolman,,SBL_only
747,Skolpolitiker,,SBL_only
748,Skolryttare,,SBL_only
749,Skomakare,,SBL_only
750,Skriftställare,,SBL_only
751,Skräddare,,SBL_only
752,Skulptör,2,both
753,Skådespelare,80,both
754,Slavist,,SBL_only
755,Slottsfogde,,SBL_only
756,Slottshauptman,,SBL_only
757,Slöjdskolegrundare,,SBL_only
758,Smed,,SBL_only
759,Snickare,,SBL_only
760,Socialarbetare,1,both
761,Socialminister,,SBL_only
762,Socialpolitiker,,SBL_only
763,Sociolog,,SBL_only
764,Socionom,,SBL_only
765,Spannmålshandlare,,SBL_only
766,Spegelfabrikant,,SBL_only
767,Spektroskopist,,SBL_only
768,Spelman,,SBL_only
769,Spion,,SBL_only
770,Spjutkastare,,SBL_only
771,Sportfiskare,,SBL_only
772,Sportjournalist,,SBL_only
773,Språkforskare,,SBL_only
774,Språklärare,,SBL_only
775,Sprängämneskemist,,SBL_only
776,Spådam,,SBL_only
777,Stadsarkitekt,,SBL_only
778,Stadsbyggnadsdirektör,,SBL_only
779,Stadsfiskal,,SBL_only
780,Stadsingenjör,,SBL_only
781,Stadsplaneingenjör,,SBL_only
782,Stadsplanerare,,SBL_only
783,Stadsträdgårdsmästare,,SBL_only
784,Standardiseringsexpert,,SBL_only
785,Statistiker,,SBL_only
786,Statsman,,SBL_only
787,Statsminister,,SBL_only
788,Statsråd,,SBL_only
789,Statsrättsjurist,,SBL_only
790,Statssekreterare,,SBL_only
791,Statsvetare,,SBL_only
792,Stenhuggare,,SBL_only
793,Stenografisk systemutvecklare,,SBL_only
794,Stensättare,,SBL_only
795,Stolmakare,,SBL_only
796,Storman,,SBL_only
797,Storviltjägare,,SBL_only
798,Stuckatör,,SBL_only
799,Styckgjutare,,SBL_only
800,Styrkekvinna,,SBL_only
801,Ståthållare,,SBL_only
802,Superintendent,,SBL_only
803,Superkargör,,SBL_only
804,Swedenborgare,,SBL_only
805,Sågverkskonstruktör,,SBL_only
806,Sågverksägare,,SBL_only
807,Sångare,38,both
808,Sångpedagog,,SBL_only
809,Sångtextförfattare,,SBL_only
810,Taffeltäckare,,SBL_only
811,Talman,,SBL_only
812,Tandläkare,1,both
813,Tapettryckare,,SBL_only
814,Teaterchef,,SBL_only
815,Teaterdekoratör,,SBL_only
816,Teaterdirektör,8,both
817,Teaterhistoriker,,SBL_only
818,Teaterkritiker,,SBL_only
819,Teaterledare,,SBL_only
820,Teaterlärare,,SBL_only
821,Teaterman,,SBL_only
822,Teaterproducent,,SBL_only
823,Teaterrecensent,,SBL_only
824,Teaterregissör,,SBL_only
825,Tecknare,,SBL_only
826,Teckningslärare,,SBL_only
827,Teknolog,,SBL_only
828,Telegraftjänsteman,,SBL_only
829,Teolog,,SBL_only
830,Textilhistoriker,,SBL_only
831,Textilkonstnär,23,both
832,Tidningsdistributör,,SBL_only
833,Tidningsman,,SBL_only
834,Tidningsredaktör,,SBL_only
835,Tidningstecknare,,SBL_only
836,Tidningsutgivare,,SBL_only
837,Tidskriftsredaktör,28,both
838,Tidskriftsutgivare,,SBL_only
839,Tjuv,,SBL_only
840,Tjänsteman,9,both
841,Tobaksfabrikör,,SBL_only
842,Tolk,1,both
843,Tonsättare,,SBL_only
844,Topograf,,SBL_only
845,Topografisk författare,,SBL_only
846,Trombonist,,SBL_only
847,Tronpretendent,,SBL_only
848,Trumpetare,,SBL_only
849,Trädgårdsarkitekt,3,both
850,Trädgårdshistoriker,,SBL_only
851,Trädgårdsman,,SBL_only
852,Tränare,,SBL_only
853,Träskulptör,,SBL_only
854,Träsnidare,,SBL_only
855,Trävaruhandlare,,SBL_only
856,Tulltjänsteman,,SBL_only
857,Tyngdlyftare,,SBL_only
858,Typograf,1,both
859,Tändsticksfabrikör,,SBL_only
860,Underståthållare,,SBL_only
861,Ungdomsledare,,SBL_only
862,Universitetskansler,,SBL_only
863,Universitetsrektor,,SBL_only
864,Uppbådsledare,,SBL_only
865,Uppfinnare,5,both
866,Upprorsledare,,SBL_only
867,Upptäcktsresande,,SBL_only
868,Urkundsförfalskare,,SBL_only
869,Urkundsutgivare,,SBL_only
870,Urmakare,2,both
871,Utbildningsminister,,SBL_only
872,Utopist,,SBL_only
873,Utrikesminister,,SBL_only
874,Utställningsarkitekt,,SBL_only
875,Utställningsorganisatör,,SBL_only
876,Utvecklingspsykolog,,SBL_only
877,Vapenhistoriker,,SBL_only
878,Vapensmed,,SBL_only
879,Vapentekniker,,SBL_only
880,Vapentillverkare,,SBL_only
881,Varvsägare,,SBL_only
882,Veterinär,,SBL_only
883,Vikingahövding,,SBL_only
884,Vinhandlare,,SBL_only
885,Violinist,,SBL_only
886,Visdiktare,,SBL_only
887,Visforskare,,SBL_only
888,Visitator,,SBL_only
889,Visupptecknare,,SBL_only
890,Väckelseledare,,SBL_only
891,Väckelsepredikant,,SBL_only
892,Väg- och vattenbyggnadsingenjör,,SBL_only
893,Väg- och vattenbyggnadsofficer,,SBL_only
894,Välskrivningslärare,,SBL_only
895,Väveriidkare,,SBL_only
896,Växtbiolog,,SBL_only
897,Växtförädlare,,SBL_only
898,Växtgeograf,,SBL_only
899,Växtpaleontolog,,SBL_only
900,Yrkesinspektris,,SBL_only
901,Zoolog,,SBL_only
902,Åkeriföretagare,,SBL_only
903,Ångtekniker,,SBL_only
904,Ämbetsman,,SBL_only
905,Ärkebiskop,,SBL_only
906,Ärkedjäkne,,SBL_only
907,Äventyrare,,SBL_only
908,Överbefälhavare,,SBL_only
909,Överhovjägmästare,,SBL_only
910,Överintendent,,SBL_only
911,Överlotsdirektör,,SBL_only
912,Överpostdirektör,,SBL_only
913,Överstebefallningsman,,SBL_only
914,Överstemarskalk,,SBL_only
915,Överståthållare,,SBL_only
916,Översättare,59,both
917,Socialt och filantropiskt arbete,66,SKBL_only
918,Kommun- och landstingspolitiker,58,SKBL_only
919,Styrelseledamot,43,SKBL_only
920,Politisk verksamhet,29,SKBL_only
921,Forskare,29,SKBL_only
922,Ledamot,27,SKBL_only
923,Föreståndare,27,SKBL_only
924,Skribent,26,SKBL_only
925,Professor,25,SKBL_only
926,Sakkunnig,25,SKBL_only
927,Chef,23,SKBL_only
928,Skolledare,21,SKBL_only
929,Kyrklig verksamhet,16,SKBL_only
930,Riksdagsledamot,15,SKBL_only
931,Konstnärlig ledare,14,SKBL_only
932,"Sångare, skådespelare",13,SKBL_only
933,Kompositör,12,SKBL_only
934,Kommittéledamot,12,SKBL_only
935,Drottning av Sverige,10,SKBL_only
936,Sekreterare,10,SKBL_only
937,Affärsidkare,9,SKBL_only
938,Hotell- och restaurangarbete,9,SKBL_only
939,Salongsvärdinna,9,SKBL_only
940,Programledare,9,SKBL_only
941,,6,SKBL_only
942,Ansvarig utgivare,6,SKBL_only
943,Verksamhetsgrundare,6,SKBL_only
944,"Styrelseledamot, ordförande",6,SKBL_only
945,Utredare,6,SKBL_only
946,Ordförande,6,SKBL_only
947,Husligt arbete,6,SKBL_only
948,Förlagsanställd,6,SKBL_only
949,Rektor,5,SKBL_only
950,"Producent, radio/TV",5,SKBL_only
951,Sömmerska,5,SKBL_only
952,Inspektor,5,SKBL_only
953,"Skulptör, konstnär",5,SKBL_only
954,Museitjänsteman,5,SKBL_only
955,"Företagare, fabrikör",5,SKBL_only
956,Direktör,5,SKBL_only
957,Utställningsarbete,4,SKBL_only
958,Biståndsarbetare,4,SKBL_only
959,Representativ verksamhet,4,SKBL_only
960,Universitetslektor,4,SKBL_only
961,Inspektör,4,SKBL_only
962,Kontorist,4,SKBL_only
963,Redaktör och förlagschef,4,SKBL_only
964,Gymnastikdirektör,4,SKBL_only
965,Intendent,4,SKBL_only
966,Kassör,4,SKBL_only
967,Producent,4,SKBL_only
968,Konsult,4,SKBL_only
969,Idrottare,3,SKBL_only
970,Drottning av Danmark-Norge-Sverige,3,SKBL_only
971,Ombudsman,3,SKBL_only
972,Lektor,3,SKBL_only
973,Konsulent,3,SKBL_only
974,Verkställande direktör,3,SKBL_only
975,"Arkivbiträde, folkminnesupptecknare",3,SKBL_only
976,Minister,3,SKBL_only
977,Affärskvinna,3,SKBL_only
978,Amanuens,2,SKBL_only
979,Facklig verksamhet,2,SKBL_only
980,Kurator,2,SKBL_only
981,Trädgårdsarbete,2,SKBL_only
982,Handelsanställd,2,SKBL_only
983,Guvernant,2,SKBL_only
984,Textilarbetare,2,SKBL_only
985,Boterska,2,SKBL_only
986,Vice ordförande,2,SKBL_only
987,Botaniker,2,SKBL_only
988,Generalsekreterare,2,SKBL_only
989,Förbundssekreterare,2,SKBL_only
990,Filmcensor,2,SKBL_only
991,Frälsningssoldat,2,SKBL_only
992,Söndagsskollärare,2,SKBL_only
993,Polissyster,2,SKBL_only
994,Läroverksadjunkt,2,SKBL_only
995,Stadsrevisor,2,SKBL_only
996,Barnflicka,2,SKBL_only
997,Psykoterapeut,2,SKBL_only
998,Rallyförare,1,SKBL_only
999,"Hantlangare, dräng",1,SKBL_only
1000,Drottning av Norge,1,SKBL_only
1001,"Journalist, kåsör",1,SKBL_only
1002,Redaktör och utgivare,1,SKBL_only
1003,Spåkvinna,1,SKBL_only
1004,Barndanspedagog,1,SKBL_only
1005,"Författare, översättare",1,SKBL_only
1006,Förmyndare,1,SKBL_only
1007,Bankanställd,1,SKBL_only
1008,Nattklubbsägare,1,SKBL_only
1009,Sjukvårdare,1,SKBL_only
1010,Fabriksarbetare,1,SKBL_only
1011,"Författare, kulturjournalist",1,SKBL_only
1012,Nunna,1,SKBL_only
1013,Sufflör,1,SKBL_only
1014,"Designer, företagsgrundare",1,SKBL_only
1015,Långivare,1,SKBL_only
1016,Kunglig mätress,1,SKBL_only
1017,Jurymedlem,1,SKBL_only
1018,"Föreläsare, journalist",1,SKBL_only
1019,Husmor i ett stort hushåll med mycken representation i Göteborg,1,SKBL_only
1020,Designer,1,SKBL_only
1021,Änkedrottning,1,SKBL_only
1022,Forskarassistent,1,SKBL_only
1023,Bildterapeut,1,SKBL_only
1024,Prefekt,1,SKBL_only
1025,Stipendieinstiftare,1,SKBL_only
1026,Modedirektris,1,SKBL_only
1027,Kolumnist,1,SKBL_only
1028,Städerska,1,SKBL_only
1029,Tobaksarbetare,1,SKBL_only
1030,Skrivbiträde,1,SKBL_only
1031,Informant,1,SKBL_only
1032,Massör,1,SKBL_only
1033,Farmaceut,1,SKBL_only
1034,Slottsfru,1,SKBL_only
1035,Telefonist,1,SKBL_only
1036,Guide,1,SKBL_only
1037,Kommunpolitiker,1,SKBL_only
1038,Folkminnesupptecknare,1,SKBL_only
1039,Volontär,1,SKBL_only
1040,Reseledare,1,SKBL_only
1041,Rättsläkare,1,SKBL_only
1042,Föreläsare och skribent,1,SKBL_only
1043,Kennelägare,1,SKBL_only
1044,"Författare, dramatiker, poet, kulturskribent, bloggare",1,SKBL_only
1045,Brevbärare,1,SKBL_only
1046,Instruktör,1,SKBL_only
1047,Drottning av Sverige och Polen,1,SKBL_only
1048,Konsumentupplysare,1,SKBL_only
1049,Inredningsrådgivare,1,SKBL_only
1050,Reporter,1,SKBL_only
1051,Försäljare,1,SKBL_only
1052,Klostergrundare,1,SKBL_only
1053,Lagerbiträde,1,SKBL_only
1054,Hovkanslist,1,SKBL_only
1055,Fastighetsmäklare,1,SKBL_only
1056,Arbetare,1,SKBL_only
1057,Arkivarie,1,SKBL_only
1058,Hälsorådgivare,1,SKBL_only
1059,Barnträdgårdsledare,1,SKBL_only
1060,Lärare och koreograf,1,SKBL_only
1061,Studieorganisatör,1,SKBL_only
1062,Lotta,1,SKBL_only
1063,Soldat,1,SKBL_only
1064,Drottning av Sverige och Norge,1,SKBL_only
1065,"Författare, illustratör",1,SKBL_only
